{
	"partitions" : [
		{
			"name" : "Top",
			"pins" : [
				{
					"name" : "acertou",
					"strict" : false
				},
				{
					"name" : "errou",
					"strict" : false
				},
				{
					"name" : "pronto",
					"strict" : false
				},
				{
					"name" : "leds[0]",
					"strict" : false
				},
				{
					"name" : "leds[1]",
					"strict" : false
				},
				{
					"name" : "leds[2]",
					"strict" : false
				},
				{
					"name" : "leds[3]",
					"strict" : false
				},
				{
					"name" : "db_igual",
					"strict" : false
				},
				{
					"name" : "db_contagem[0]",
					"strict" : false
				},
				{
					"name" : "db_contagem[1]",
					"strict" : false
				},
				{
					"name" : "db_contagem[2]",
					"strict" : false
				},
				{
					"name" : "db_contagem[3]",
					"strict" : false
				},
				{
					"name" : "db_contagem[4]",
					"strict" : false
				},
				{
					"name" : "db_contagem[5]",
					"strict" : false
				},
				{
					"name" : "db_contagem[6]",
					"strict" : false
				},
				{
					"name" : "db_memoria[0]",
					"strict" : false
				},
				{
					"name" : "db_memoria[1]",
					"strict" : false
				},
				{
					"name" : "db_memoria[2]",
					"strict" : false
				},
				{
					"name" : "db_memoria[3]",
					"strict" : false
				},
				{
					"name" : "db_memoria[4]",
					"strict" : false
				},
				{
					"name" : "db_memoria[5]",
					"strict" : false
				},
				{
					"name" : "db_memoria[6]",
					"strict" : false
				},
				{
					"name" : "db_estado[0]",
					"strict" : false
				},
				{
					"name" : "db_estado[1]",
					"strict" : false
				},
				{
					"name" : "db_estado[2]",
					"strict" : false
				},
				{
					"name" : "db_estado[3]",
					"strict" : false
				},
				{
					"name" : "db_estado[4]",
					"strict" : false
				},
				{
					"name" : "db_estado[5]",
					"strict" : false
				},
				{
					"name" : "db_estado[6]",
					"strict" : false
				},
				{
					"name" : "db_jogadafeita[0]",
					"strict" : false
				},
				{
					"name" : "db_jogadafeita[1]",
					"strict" : false
				},
				{
					"name" : "db_jogadafeita[2]",
					"strict" : false
				},
				{
					"name" : "db_jogadafeita[3]",
					"strict" : false
				},
				{
					"name" : "db_jogadafeita[4]",
					"strict" : false
				},
				{
					"name" : "db_jogadafeita[5]",
					"strict" : false
				},
				{
					"name" : "db_jogadafeita[6]",
					"strict" : false
				},
				{
					"name" : "db_clock",
					"strict" : false
				},
				{
					"name" : "db_iniciar",
					"strict" : false
				},
				{
					"name" : "db_tem_jogada",
					"strict" : false
				},
				{
					"name" : "chaves[0]",
					"strict" : false
				},
				{
					"name" : "chaves[1]",
					"strict" : false
				},
				{
					"name" : "chaves[2]",
					"strict" : false
				},
				{
					"name" : "chaves[3]",
					"strict" : false
				},
				{
					"name" : "clock",
					"strict" : false
				},
				{
					"name" : "iniciar",
					"strict" : false
				},
				{
					"name" : "reset",
					"strict" : false
				}
			]
		}
	]
}